order_id,customer_id,order_date,product_id,quantity,unit_price,discount
O0001,C0270,2025-02-09,P019,1.0,,0.0
O0002,C0255,30/03/2025,P005,1.0,12000.0,0.0
O0003,C0935,16/05/2025,P008,1.0,5000.0,0.0
O0004,C0258,2025-06-29,P007,1.0,5000.0,0.15
O0005,C0281,2025-04-12,P014,2.0,12000.0,0.0
O0006,C0783,04-12-2025,P003,0.0,2500.0,0.0
O0007,C0464,2025-05-16,P018,2.0,5000.0,0.1
O0008,C0801,2025-02-17,P016,2.0,2000.0,0.0
O0009,C0068,2025-06-05,P019,1.0,5000.0,0.05
O0010,C0503,2025-03-06,P019,1.0,,0.0
O0011,C0035,03-13-2025,P018,1.0,12000.0,
O0012,C0065,2025-03-06,P020,2.0,2000.0,0.15
O0013,C0935,2025-05-15,P016,5.0,12000.0,0.15
O0014,C0144,2025-01-21,P008,2.0,2000.0,0.0
O0015,C0549,2025-06-08,P001,1.0,5000.0,0.1
O0016,C0424,2025-01-27,P017,1.0,5000.0,0.0
O0017,C0359,2025-05-16,P012,2.0,2500.0,0.0
O0018,C0928,05-01-2025,P011,1.0,2500.0,0.0
O0019,C0023,2025-02-24,P005,3.0,2500.0,0.05
O0020,C0685,23/04/2025,P012,3.0,2000.0,0.05
O0021,C0994,02/06/2025,P017,2.0,2500.0,0.05
O0022,C0578,2025-05-30,P006,1.0,5000.0,0.0
O0023,C0966,2025-06-24,P001,1.0,12000.0,0.0
O0024,C0054,2025-01-17,P005,1.0,12000.0,0.1
O0025,C0432,2025-02-12,P014,1.0,2000.0,0.0
O0026,C0269,2025-04-01,P005,1.0,12000.0,0.1
O0027,C0754,2025-06-21,P001,2.0,5000.0,0.0
O0028,C8888,2025-02-13,P018,2.0,4000.0,0.15
O0029,C0265,2025-01-17,P016,1.0,2500.0,0.05
O0030,C0675,2025-06-21,P009,1.0,12000.0,0.0
O0031,C0205,2025-03-28,P019,1.0,5000.0,0.0
O0032,C0583,2025-06-12,P005,1.0,5000.0,0.05
O0033,C0479,2025-04-16,P002,3.0,12000.0,0.15
O0034,C9999,2025-02-15,P015,1.0,12000.0,0.0
O0035,C0628,2025-06-04,P007,1.0,2000.0,0.0
O0036,C0361,2025-06-28,P004,1.0,2000.0,0.15
O0037,C0118,2025-03-07,P001,4.0,2000.0,0.1
O0038,C0156,,P013,2.0,12000.0,0.0
O0039,C0233,2025-01-17,P020,1.0,2500.0,0.05
O0040,C0259,2025-01-11,P007,1.0,12000.0,0.0
O0041,C0877,2025-03-08,P015,2.0,4000.0,0.05
O0042,C0579,2025-04-30,P014,-1.0,2500.0,0.0
O0043,C0540,2025-05-07,P019,1.0,5000.0,
O0044,C0119,2025-01-30,P020,4.0,5000.0,0.05
O0045,C0887,2025-03-16,P018,5.0,2500.0,0.05
O0046,C0746,2025-03-06,P010,5.0,12000.0,0.05
O0047,C0070,2025-04-08,P009,2.0,2000.0,0.2
O0048,C0730,14/05/2025,P008,2.0,5000.0,0.15
O0049,C0561,"Apr 25, 2025",P010,1.0,2000.0,0.05
O0050,C0085,2025-04-21,P017,3.0,12000.0,0.1
O0051,C0473,2025-04-15,P002,1.0,5000.0,0.05
O0052,C0500,2025-02-05,P006,2.0,2000.0,0.05
O0053,C0171,2025-06-24,P005,1.0,12000.0,0.0
O0054,C0975,04-17-2025,P009,2.0,12000.0,0.05
O0055,C0877,2025-04-10,P005,3.0,5000.0,0.0
O0056,C0690,2025-03-03,P018,1.0,5000.0,0.2
O0057,C0477,2025-02-16,P020,3.0,12000.0,0.0
O0058,C0425,16/06/2025,P009,1.0,5000.0,
O0059,C0672,2025-01-31,P017,3.0,2500.0,0.05
O0060,C0563,2025-03-15,P017,1.0,5000.0,0.05
O0061,C0065,2025-02-10,P012,1.0,4000.0,0.05
O0062,C0529,2025-05-31,P007,5.0,5000.0,0.0
O0063,C0832,2025-04-09,P003,1.0,12000.0,0.0
O0064,C0474,15/05/2025,P010,3.0,2500.0,0.0
O0065,C0054,28/02/2025,P002,1.0,5000.0,0.05
O0066,C0811,2025-05-29,P003,1.0,,0.0
O0067,C0208,2025-02-15,P016,1.0,12000.0,0.1
O0068,C0267,2025-01-12,P002,2.0,2000.0,0.0
O0069,C0170,02/06/2025,P010,1.0,4000.0,0.0
O0070,C0341,03-16-2025,P006,1.0,2500.0,0.0
O0071,C0781,2025-06-12,P011,1.0,4000.0,0.2
O0072,C0536,03-08-2025,P007,1.0,4000.0,0.1
O0073,C0212,2025-04-30,P015,0.0,5000.0,0.0
O0074,C0905,20/05/2025,P006,-2.0,5000.0,0.05
O0075,C0907,2025-06-06,P020,1.0,2500.0,0.0
O0076,C0898,,P009,2.0,12000.0,
O0077,C0247,2025-02-13,P020,1.0,12000.0,0.1
O0078,C0466,05-08-2025,P012,2.0,2000.0,0.0
O0079,C9901,25/06/2025,P019,3.0,12000.0,0.05
O0080,C0796,2025-05-14,P020,-1.0,,0.0
O0081,C0029,,P003,1.0,2000.0,
O0082,C0068,2025-06-19,P015,3.0,4000.0,0.0
O0083,C0479,2025-04-03,P002,1.0,2500.0,0.05
O0084,C0938,20/04/2025,P002,,5000.0,0.0
O0085,C0556,2025-03-14,P003,1.0,12000.0,0.1
O0086,C0514,,P006,2.0,4000.0,0.1
O0087,C0109,28/03/2025,P015,2.0,12000.0,0.1
O0088,C0678,2025-05-19,P010,2.0,2000.0,0.05
O0089,C0848,28/01/2025,P009,1.0,2500.0,0.15
O0090,C0393,2025-02-14,P001,5.0,4000.0,0.0
O0091,C0800,2025-02-06,P016,1.0,12000.0,0.0
O0092,C0995,12/04/2025,P006,2.0,,0.0
O0093,C0211,2025-03-13,P009,1.0,4000.0,
O0094,C0540,2025-02-27,P004,1.0,4000.0,0.0
O0095,C0297,2025-01-11,P002,1.0,12000.0,0.1
O0096,C0818,2025-03-01,P004,1.0,2500.0,0.1
O0097,C0596,2025-03-25,P001,1.0,4000.0,0.0
O0098,C0655,2025-02-24,P019,1.0,2000.0,0.0
O0099,C0823,2025-04-06,P010,1.0,2500.0,0.0
O0100,C0409,2025-06-05,P015,3.0,12000.0,0.0
O0101,C0944,2025-03-02,P019,4.0,4000.0,0.0
O0102,C0550,2025-03-15,P016,1.0,2500.0,0.0
O0103,C0163,09/03/2025,P004,1.0,12000.0,0.15
O0104,C0718,2025-05-03,P002,1.0,2000.0,
O0105,C0818,2025-05-30,P013,1.0,2500.0,0.0
O0106,C0327,05-01-2025,P001,2.0,2000.0,0.0
O0107,C0884,,P017,2.0,2000.0,0.0
O0108,C0935,2025-03-01,P013,1.0,2500.0,0.1
O0109,C0286,2025-05-16,P004,1.0,2500.0,0.15
O0110,C9901,"Mar 20, 2025",P007,1.0,12000.0,0.0
O0111,C0146,24/05/2025,P017,3.0,5000.0,0.0
O0112,C0209,02-24-2025,P009,0.0,4000.0,0.1
O0113,C0190,,P004,1.0,2000.0,0.05
O0114,C0922,05-19-2025,P019,1.0,4000.0,0.0
O0115,C0675,2025-02-01,P001,4.0,2000.0,0.05
O0116,C0157,04-10-2025,P010,5.0,12000.0,0.0
O0117,C0454,2025-03-10,P004,1.0,2000.0,0.0
O0118,C0635,10/02/2025,P009,1.0,5000.0,0.1
O0119,C0087,03-29-2025,P013,1.0,2000.0,0.15
O0120,C0910,23/05/2025,P014,2.0,4000.0,0.0
O0121,C0829,2025-04-17,P010,1.0,12000.0,0.2
O0122,C0521,2025-05-26,P006,1.0,12000.0,0.0
O0123,C0998,2025-06-08,P016,2.0,2000.0,0.1
O0124,C0431,2025-03-11,P006,1.0,4000.0,0.05
O0125,C9901,2025-05-24,P017,3.0,12000.0,0.15
O0126,C0689,2025-02-01,P010,1.0,,0.2
O0127,C0655,2025-05-14,P018,1.0,2000.0,0.0
O0128,C0172,03-08-2025,P018,2.0,,0.2
O0129,C0910,2025-03-22,P003,1.0,4000.0,0.15
O0130,C0441,2025-05-09,P020,0.0,4000.0,0.1
O0131,C0168,2025-02-21,P015,1.0,2500.0,0.0
O0132,C0013,"Feb 21, 2025",P015,1.0,4000.0,0.15
O0133,C0578,2025-02-04,P004,2.0,2000.0,0.15
O0134,C0544,"Apr 12, 2025",P009,1.0,12000.0,0.0
O0135,C0742,2025-02-08,P019,5.0,4000.0,
O0136,C0918,2025-04-08,P017,1.0,5000.0,0.0
O0137,C0082,04/06/2025,P011,1.0,12000.0,0.0
O0138,C0755,07/05/2025,P009,1.0,5000.0,0.05
O0139,C0194,23/03/2025,P010,1.0,5000.0,0.05
O0140,C0885,2025-03-31,P018,3.0,,0.05
O0141,C0845,2025-05-26,P020,3.0,12000.0,0.0
O0142,C0558,2025-04-26,P013,1.0,2000.0,
O0143,C0733,2025-04-11,P008,1.0,2500.0,0.0
O0144,C0325,2025-06-06,P007,3.0,4000.0,0.0
O0145,C0486,2025-04-24,P017,5.0,5000.0,0.0
O0146,C0848,2025-06-14,P015,1.0,2000.0,0.05
O0147,C0474,2025-05-18,P020,1.0,2000.0,0.2
O0148,C0369,2025-06-19,P015,1.0,2000.0,0.1
O0149,C0510,02-21-2025,P001,4.0,2000.0,0.15
O0150,C0854,2025-06-06,P014,1.0,,0.0
O0151,C0346,2025-02-27,P005,1.0,4000.0,0.05
O0152,C0180,2025-05-22,P011,3.0,12000.0,0.05
O0153,C0735,2025-06-05,P016,1.0,2000.0,0.05
O0154,C0852,2025-05-05,P002,1.0,5000.0,0.0
O0155,C0104,2025-06-28,P008,1.0,2500.0,0.1
O0156,C0248,2025-06-11,P011,1.0,5000.0,0.05
O0157,C0147,2025-01-25,P018,1.0,12000.0,0.1
O0158,C0359,22/04/2025,P003,1.0,2500.0,0.05
O0159,C0465,2025-04-06,P001,1.0,4000.0,0.0
O0160,C0772,2025-04-22,P011,2.0,12000.0,0.05
O0161,C0672,05-26-2025,P016,3.0,4000.0,0.0
O0162,C0641,2025-03-21,P018,3.0,2500.0,0.15
O0163,C0364,2025-01-25,P016,1.0,12000.0,0.05
O0164,C0868,"Apr 29, 2025",P010,1.0,2500.0,0.0
O0165,C0486,2025-01-31,P018,1.0,5000.0,
O0166,C8888,2025-01-21,P006,1.0,2000.0,0.05
O0167,C0654,2025-06-19,P019,1.0,2500.0,0.0
O0168,C0131,2025-04-26,P004,2.0,5000.0,0.05
O0169,C0698,2025-04-18,P013,1.0,4000.0,0.0
O0170,C0336,"Feb 18, 2025",P014,1.0,5000.0,0.15
O0171,C0708,2025-05-01,P003,1.0,2000.0,0.15
O0172,C0072,2025-04-24,P010,2.0,4000.0,
O0173,C0181,2025-02-08,P006,1.0,2000.0,0.05
O0174,C0883,2025-02-10,P001,2.0,5000.0,0.05
O0175,C0235,03-14-2025,P014,1.0,12000.0,0.1
O0176,C0863,2025-06-24,P008,4.0,5000.0,0.0
O0177,C0288,2025-04-21,P019,4.0,12000.0,0.05
O0178,C0663,2025-04-05,P014,1.0,4000.0,0.05
O0179,C0716,2025-02-01,P010,1.0,2500.0,0.0
O0180,C0529,2025-05-22,P017,1.0,2000.0,0.0
O0181,C0315,2025-02-18,P009,1.0,4000.0,0.15
O0182,C0220,29/05/2025,P006,2.0,,0.15
O0183,C0035,2025-05-03,P011,3.0,2000.0,0.0
O0184,C0314,2025-04-14,P007,2.0,2500.0,0.0
O0185,C0674,2025-01-27,P017,3.0,4000.0,0.0
O0186,C0968,2025-04-19,P001,1.0,12000.0,0.15
O0187,C0899,2025-04-06,P005,1.0,5000.0,0.0
O0188,C0790,2025-06-16,P009,2.0,2000.0,0.1
O0189,C0813,2025-01-20,P018,1.0,5000.0,0.0
O0190,C0686,08/04/2025,P002,2.0,12000.0,0.05
O0191,C0269,,P011,1.0,4000.0,0.0
O0192,C0936,2025-04-19,P006,1.0,4000.0,0.1
O0193,C0692,2025-03-31,P008,,2000.0,0.0
O0194,C0578,2025-04-08,P004,1.0,5000.0,0.05
O0195,C0115,2025-04-29,P018,,12000.0,0.0
O0196,C0461,21/01/2025,P011,0.0,2000.0,0.1
O0197,C0475,2025-04-28,P005,3.0,,0.15
O0198,C0892,2025-04-09,P015,2.0,2000.0,0.0
O0199,C0564,05-20-2025,P018,2.0,2500.0,0.15
O0200,C0393,2025-06-15,P002,4.0,2000.0,0.05
O0201,C8888,10/03/2025,P011,1.0,4000.0,0.0
O0202,C0115,30/05/2025,P013,1.0,5000.0,0.0
O0203,C0436,2025-01-14,P004,2.0,2000.0,0.0
O0204,C0044,,P007,1.0,2000.0,0.1
O0205,C0763,2025-02-28,P011,1.0,2000.0,0.1
O0206,C0947,2025-06-17,P004,1.0,4000.0,0.0
O0207,C0289,2025-01-10,P015,2.0,4000.0,0.05
O0208,C0885,2025-06-03,P001,4.0,12000.0,0.15
O0209,C0302,2025-02-21,P003,1.0,4000.0,0.2
O0210,C0939,02/05/2025,P014,5.0,5000.0,0.05
O0211,C0778,2025-01-24,P006,2.0,2500.0,
O0212,C0830,2025-01-18,P018,3.0,5000.0,0.05
O0213,C0019,2025-04-02,P001,2.0,5000.0,0.0
O0214,C0993,2025-03-17,P006,3.0,4000.0,0.15
O0215,C0750,05-26-2025,P006,1.0,2000.0,0.05
O0216,C0315,2025-01-22,P016,3.0,4000.0,0.05
O0217,C0856,2025-04-25,P005,1.0,12000.0,0.05
O0218,C0291,21/01/2025,P017,4.0,4000.0,0.15
O0219,C0900,2025-01-23,P010,,12000.0,0.15
O0220,C0117,2025-04-11,P018,1.0,2500.0,0.0
O0221,C0726,"Jan 16, 2025",P007,1.0,2500.0,0.0
O0222,C0558,2025-03-06,P003,3.0,4000.0,0.05
O0223,C0100,2025-03-30,P013,1.0,12000.0,0.05
O0224,C0250,2025-02-13,P015,4.0,2000.0,0.0
O0225,C0013,2025-06-08,P020,1.0,5000.0,0.1
O0226,C0484,2025-02-05,P019,1.0,4000.0,0.05
O0227,C0311,2025-06-07,P003,0.0,12000.0,0.0
O0228,C0617,2025-05-14,P004,2.0,2500.0,0.0
O0229,C0307,31/05/2025,P005,3.0,5000.0,0.0
O0230,C0310,2025-05-15,P001,1.0,4000.0,0.2
O0231,C0767,04-01-2025,P004,2.0,2000.0,0.0
O0232,C0050,2025-03-23,P012,2.0,4000.0,0.0
O0233,C0931,2025-03-25,P010,2.0,5000.0,0.05
O0234,C0879,2025-04-07,P020,2.0,,0.0
O0235,C0689,2025-06-27,P013,2.0,4000.0,0.0
O0236,C0612,24/03/2025,P014,1.0,2000.0,0.0
O0237,C0920,2025-03-23,P005,1.0,12000.0,0.05
O0238,C0192,2025-01-25,P004,3.0,4000.0,0.05
O0239,C0082,05-22-2025,P014,1.0,4000.0,0.0
O0240,C0247,"May 18, 2025",P010,2.0,5000.0,0.0
O0241,C0820,2025-06-28,P017,1.0,5000.0,
O0242,C0036,2025-04-24,P010,2.0,2500.0,0.0
O0243,C0601,2025-02-04,P007,2.0,12000.0,0.0
O0244,UNKNOWN,2025-05-16,P016,1.0,5000.0,0.0
O0245,C0883,2025-06-26,P001,1.0,4000.0,0.05
O0246,C0538,,P017,1.0,2000.0,0.1
O0247,C0066,,P009,2.0,5000.0,0.0
O0248,C0858,"Feb 13, 2025",P006,3.0,4000.0,0.1
O0249,C0618,2025-04-24,P019,1.0,5000.0,0.0
O0250,C0119,03-27-2025,P013,2.0,5000.0,0.0
O0251,C0097,2025-04-22,P003,1.0,5000.0,0.1
O0252,C0938,2025-02-03,P007,1.0,2500.0,0.0
O0253,C0690,2025-05-31,P009,5.0,5000.0,0.05
O0254,C0855,22/02/2025,P005,1.0,5000.0,0.0
O0255,C0907,"Jun 21, 2025",P010,1.0,4000.0,0.1
O0256,C0590,10/01/2025,P017,1.0,2500.0,0.0
O0257,C0534,2025-06-05,P012,1.0,12000.0,0.15
O0258,C0444,2025-01-14,P016,1.0,4000.0,0.0
O0259,C0327,2025-03-08,P003,1.0,5000.0,0.15
O0260,C0449,2025-04-09,P009,2.0,4000.0,0.0
O0261,C0798,2025-05-20,P015,1.0,4000.0,0.1
O0262,C0621,29/05/2025,P005,1.0,4000.0,0.0
O0263,C0921,2025-04-25,P013,1.0,12000.0,0.2
O0264,C0458,2025-04-02,P014,1.0,12000.0,0.0
O0265,C0626,2025-04-23,P020,2.0,5000.0,0.0
O0266,C0651,2025-03-24,P015,-2.0,12000.0,0.05
O0267,C0610,18/06/2025,P016,1.0,5000.0,0.0
O0268,C0725,2025-02-23,P013,4.0,2000.0,0.0
O0269,C0245,2025-02-27,P017,2.0,,0.2
O0270,C0529,2025-04-09,P008,2.0,,
O0271,C0108,2025-03-18,P002,1.0,2500.0,0.0
O0272,C0397,2025-02-09,P005,1.0,2000.0,0.2
O0273,C0503,2025-03-04,P006,1.0,2000.0,0.05
O0274,C0673,2025-02-15,P012,2.0,12000.0,0.0
O0275,C0980,28/06/2025,P018,1.0,2000.0,0.1
O0276,C0620,2025-05-30,P001,5.0,4000.0,0.1
O0277,C0767,2025-06-07,P017,1.0,4000.0,
O0278,C0522,2025-01-31,P011,1.0,2000.0,0.0
O0279,C0654,01-16-2025,P010,2.0,12000.0,0.1
O0280,C0074,2025-06-16,P019,1.0,12000.0,0.0
O0281,C0263,2025-05-18,P014,1.0,2500.0,0.0
O0282,C0374,2025-04-01,P010,2.0,5000.0,0.0
O0283,C0488,09/05/2025,P015,5.0,4000.0,
O0284,C0048,06-07-2025,P019,3.0,2500.0,0.15
O0285,C0145,2025-01-13,P004,2.0,2000.0,0.1
O0286,C0286,2025-02-25,P002,2.0,4000.0,0.05
O0287,C9999,2025-02-19,P009,-1.0,12000.0,0.0
O0288,C0342,2025-01-23,P010,1.0,12000.0,0.0
O0289,C0497,2025-01-29,P011,1.0,2500.0,0.0
O0290,C0203,2025-05-05,P014,1.0,4000.0,0.0
O0291,C0630,16/01/2025,P007,1.0,4000.0,0.1
O0292,C0290,06/04/2025,P015,2.0,5000.0,0.05
O0293,C0214,2025-05-06,P019,2.0,5000.0,0.0
O0294,C0533,20/05/2025,P015,2.0,,0.0
O0295,C0006,26/05/2025,P008,1.0,12000.0,0.0
O0296,C0008,2025-06-28,P011,2.0,2000.0,0.0
O0297,C0226,"Jan 19, 2025",P009,1.0,5000.0,0.2
O0298,C0038,2025-02-26,P015,2.0,2000.0,0.05
O0299,C0112,02/06/2025,P001,2.0,2500.0,0.15
O0300,C0350,18/01/2025,P001,1.0,4000.0,0.05
O0301,C0828,2025-03-29,P019,1.0,5000.0,0.0
O0302,C0590,2025-04-05,P003,1.0,4000.0,0.0
O0303,C0529,24/02/2025,P010,3.0,2000.0,0.15
O0304,C0303,2025-04-24,P008,5.0,4000.0,0.1
O0305,C0961,02-21-2025,P015,2.0,2500.0,0.0
O0306,C0410,05/06/2025,P010,1.0,2000.0,0.05
O0307,C0090,2025-06-26,P001,1.0,2500.0,0.05
O0308,C0637,09/06/2025,P018,2.0,2000.0,0.05
O0309,C0118,2025-01-20,P002,3.0,5000.0,0.2
O0310,C0356,2025-02-06,P019,1.0,12000.0,0.05
O0311,C0524,17/04/2025,P013,1.0,12000.0,0.05
O0312,C0902,2025-03-07,P001,2.0,2500.0,0.0
O0313,C0509,2025-02-24,P002,1.0,2000.0,0.0
O0314,C0724,2025-06-17,P016,1.0,2000.0,0.0
O0315,C7777,2025-06-01,P015,1.0,12000.0,0.0
O0316,C0136,2025-05-01,P013,1.0,5000.0,0.1
O0317,C0284,2025-03-12,P016,4.0,2000.0,0.1
O0318,C0407,2025-05-02,P017,-1.0,4000.0,0.0
O0319,C0435,2025-05-06,P007,2.0,12000.0,0.15
O0320,C0424,2025-06-09,P017,1.0,2000.0,0.0
O0321,C0936,2025-05-20,P007,1.0,5000.0,0.0
O0322,C0737,17/06/2025,P013,1.0,12000.0,0.0
O0323,C0627,2025-03-13,P005,1.0,4000.0,0.0
O0324,C0319,2025-02-25,P017,2.0,5000.0,0.0
O0325,C0850,2025-03-09,P003,1.0,,0.05
O0326,C0985,06-29-2025,P007,1.0,12000.0,0.0
O0327,C0847,2025-02-06,P017,1.0,5000.0,
O0328,C0002,2025-05-18,P007,1.0,12000.0,0.0
O0329,C0657,2025-04-21,P001,1.0,2000.0,0.0
O0330,C0053,2025-02-21,P017,1.0,4000.0,0.0
O0331,C0266,"Mar 31, 2025",P017,,4000.0,0.05
O0332,C0062,03-09-2025,P011,1.0,5000.0,0.0
O0333,C0623,2025-03-04,P003,1.0,5000.0,0.15
O0334,C0708,01-21-2025,P015,4.0,4000.0,0.05
O0335,C0119,28/04/2025,P011,,2500.0,0.05
O0336,C0396,2025-05-04,P016,2.0,2500.0,0.05
O0337,C0471,2025-06-29,P009,3.0,5000.0,0.0
O0338,C0381,2025-06-01,P001,1.0,4000.0,0.0
O0339,C0125,13/02/2025,P016,1.0,2500.0,0.0
O0340,C0432,2025-05-11,P009,1.0,12000.0,0.05
O0341,C0775,2025-05-21,P019,2.0,2500.0,0.0
O0342,C0074,2025-04-02,P012,2.0,5000.0,0.0
O0343,C0083,2025-04-27,P019,1.0,2500.0,
O0344,C0366,04-16-2025,P009,1.0,2000.0,0.0
O0345,C0971,2025-01-19,P007,2.0,2500.0,0.15
O0346,C0690,17/03/2025,P014,1.0,2000.0,0.1
O0347,C0700,,P019,2.0,12000.0,0.0
O0348,C0374,"May 20, 2025",P019,2.0,2500.0,0.0
O0349,C0613,2025-03-25,P002,2.0,12000.0,0.0
O0350,C0011,2025-06-11,P009,3.0,12000.0,0.1
O0351,C0656,2025-04-21,P013,4.0,2000.0,0.05
O0352,C0942,03-12-2025,P015,1.0,2000.0,0.1
O0353,C0632,2025-05-25,P003,2.0,2500.0,0.2
O0354,C0901,2025-03-31,P011,2.0,12000.0,0.1
O0355,C0747,2025-03-30,P014,1.0,2000.0,0.0
O0356,C0125,2025-02-07,P008,1.0,2000.0,0.0
O0357,C0931,2025-03-09,P018,1.0,5000.0,0.15
O0358,C0069,2025-03-24,P019,1.0,12000.0,0.0
O0359,C0551,2025-02-14,P016,2.0,12000.0,0.0
O0360,C0147,2025-06-05,P002,3.0,12000.0,0.1
O0361,C0013,2025-04-24,P008,1.0,,0.0
O0362,C0436,2025-04-11,P006,1.0,2000.0,0.2
O0363,C0305,25/02/2025,P012,-2.0,2000.0,0.1
O0364,C0502,2025-06-23,P015,1.0,,0.0
O0365,C0596,02-22-2025,P008,1.0,12000.0,0.2
O0366,C0046,09/03/2025,P004,2.0,2500.0,0.0
O0367,C0127,2025-06-25,P015,1.0,4000.0,0.0
O0368,C0576,2025-05-27,P020,1.0,2500.0,0.0
O0369,C0354,2025-02-07,P017,1.0,5000.0,0.0
O0370,C0752,2025-06-15,P013,1.0,2500.0,0.05
O0371,C0673,2025-04-09,P018,2.0,12000.0,0.0
O0372,C0872,01-21-2025,P002,1.0,12000.0,0.0
O0373,C0714,04-29-2025,P013,1.0,2000.0,0.0
O0374,C0444,"Mar 31, 2025",P013,2.0,12000.0,0.1
O0375,C0694,2025-03-31,P015,3.0,2000.0,0.15
O0376,C0284,2025-04-28,P020,1.0,4000.0,0.0
O0377,C0316,04-22-2025,P010,1.0,2000.0,0.0
O0378,C0814,05/02/2025,P003,2.0,12000.0,0.0
O0379,C0461,2025-03-26,P019,1.0,5000.0,0.0
O0380,C0824,2025-02-26,P003,1.0,12000.0,0.1
O0381,C0848,2025-02-28,P014,2.0,4000.0,0.1
O0382,C0885,2025-02-18,P008,4.0,5000.0,0.0
O0383,C0945,2025-03-15,P004,3.0,12000.0,0.0
O0384,C0445,,P020,2.0,12000.0,0.0
O0385,C0329,25/01/2025,P011,2.0,5000.0,0.05
O0386,C0601,2025-04-07,P011,1.0,4000.0,0.0
O0387,C0383,"Jun 23, 2025",P011,2.0,2500.0,
O0388,C0620,03-23-2025,P002,1.0,5000.0,0.1
O0389,C0728,2025-01-27,P017,1.0,4000.0,0.0
O0390,C0710,24/04/2025,P009,2.0,2000.0,0.05
O0391,C0387,2025-05-30,P002,2.0,4000.0,0.2
O0392,C0173,,P015,1.0,2000.0,0.05
O0393,C0444,2025-02-15,P016,5.0,4000.0,0.0
O0394,C0148,2025-01-20,P004,1.0,4000.0,0.0
O0395,C0918,2025-03-03,P008,1.0,5000.0,0.15
O0396,C0357,24/03/2025,P009,1.0,2000.0,0.05
O0397,C0160,2025-05-20,P005,3.0,2000.0,0.1
O0398,C0027,2025-05-07,P016,2.0,5000.0,0.15
O0399,C0666,2025-05-07,P013,1.0,12000.0,0.15
O0400,C0657,"Jan 17, 2025",P007,2.0,,0.2
O0401,C0352,2025-06-28,P020,1.0,4000.0,0.0
O0402,C0074,2025-01-24,P017,3.0,4000.0,0.05
O0403,C0423,2025-02-15,P003,1.0,2500.0,0.1
O0404,C0321,15/06/2025,P005,1.0,2000.0,0.1
O0405,C0699,06/06/2025,P019,5.0,4000.0,0.05
O0406,C0625,04/05/2025,P012,1.0,2000.0,0.0
O0407,C0376,2025-05-30,P007,1.0,2500.0,0.1
O0408,C0225,2025-05-20,P009,2.0,4000.0,0.1
O0409,C7777,2025-04-28,P006,-2.0,4000.0,0.0
O0410,C0469,2025-02-21,P017,1.0,12000.0,0.05
O0411,C0710,13/04/2025,P016,1.0,,0.0
O0412,C0145,2025-02-19,P003,1.0,2000.0,0.0
O0413,C0501,2025-06-27,P004,1.0,5000.0,0.0
O0414,C0029,2025-03-15,P010,1.0,2500.0,0.0
O0415,C0522,2025-03-09,P005,2.0,4000.0,0.05
O0416,C0994,2025-01-12,P010,,5000.0,0.05
O0417,C0397,2025-02-20,P012,1.0,4000.0,0.1
O0418,C0041,"Feb 15, 2025",P010,1.0,4000.0,0.15
O0419,C0032,2025-06-02,P013,1.0,2500.0,0.0
O0420,C0400,2025-02-01,P011,1.0,12000.0,0.0
O0421,C0165,2025-06-04,P016,4.0,2500.0,0.15
O0422,C0025,2025-06-05,P008,1.0,4000.0,0.0
O0423,C0780,2025-04-12,P008,1.0,5000.0,
O0424,C0473,2025-02-26,P008,2.0,,0.15
O0425,C0299,05-25-2025,P013,1.0,4000.0,0.05
O0426,C0928,2025-05-07,P002,2.0,12000.0,
O0427,C0120,2025-05-26,P012,1.0,4000.0,0.0
O0428,C0986,02-18-2025,P010,3.0,2500.0,0.0
O0429,C0324,2025-03-28,P012,-1.0,12000.0,0.05
O0430,C0916,2025-02-25,P011,2.0,5000.0,0.0
O0431,C0622,2025-04-27,P015,-1.0,5000.0,0.2
O0432,C0853,2025-03-13,P016,1.0,12000.0,0.0
O0433,C9901,2025-06-09,P017,1.0,2000.0,0.05
O0434,C0298,2025-03-05,P002,2.0,4000.0,0.05
O0435,C0991,2025-03-24,P018,2.0,12000.0,0.1
O0436,C0402,,P012,1.0,5000.0,0.0
O0437,C0398,2025-04-23,P019,1.0,12000.0,0.0
O0438,C0351,2025-05-15,P018,1.0,2500.0,0.15
O0439,C0559,2025-03-20,P017,1.0,12000.0,0.0
O0440,C0159,10/03/2025,P006,1.0,,0.15
O0441,C0571,2025-03-01,P015,2.0,4000.0,0.05
O0442,C0559,2025-03-20,P003,1.0,5000.0,0.1
O0443,C0786,19/04/2025,P006,1.0,2500.0,0.1
O0444,C0860,2025-04-16,P003,2.0,4000.0,0.0
O0445,C0455,2025-04-10,P001,2.0,2000.0,0.05
O0446,C0312,01-29-2025,P013,4.0,,0.15
O0447,C0268,,P014,2.0,5000.0,0.0
O0448,C0201,2025-05-30,P013,1.0,5000.0,
O0449,C0060,04-11-2025,P004,3.0,2000.0,0.05
O0450,C0354,2025-06-06,P007,1.0,12000.0,0.0
O0451,C0279,2025-06-22,P010,1.0,5000.0,0.0
O0452,C0997,2025-03-13,P007,2.0,5000.0,
O0453,C0575,2025-02-18,P015,5.0,5000.0,0.0
O0454,C0359,2025-03-22,P015,1.0,2000.0,0.15
O0455,C0599,11/03/2025,P004,1.0,5000.0,0.15
O0456,C0144,2025-03-31,P006,1.0,4000.0,0.0
O0457,C0458,2025-01-18,P020,1.0,2000.0,0.0
O0458,C0646,04-29-2025,P005,1.0,4000.0,0.1
O0459,C0505,2025-06-26,P020,2.0,5000.0,0.0
O0460,C0415,2025-02-21,P012,1.0,2000.0,0.1
O0461,C7777,06-02-2025,P001,5.0,5000.0,0.0
O0462,C0908,02-07-2025,P008,3.0,2000.0,0.05
O0463,C0643,2025-01-13,P001,2.0,2500.0,0.1
O0464,C0587,2025-03-01,P005,3.0,4000.0,0.0
O0465,C0640,2025-04-27,P006,1.0,4000.0,0.0
O0466,C0208,2025-05-03,P003,1.0,4000.0,0.0
O0467,C0408,2025-05-02,P015,2.0,12000.0,0.0
O0468,C0041,05-29-2025,P005,3.0,2500.0,0.05
O0469,C0491,2025-04-01,P014,3.0,2500.0,0.15
O0470,C0560,2025-03-08,P018,1.0,12000.0,0.0
O0471,C0235,2025-02-08,P016,-1.0,2000.0,0.05
O0472,C0994,2025-02-17,P006,1.0,2500.0,0.1
O0473,C0938,2025-03-15,P014,4.0,,0.0
O0474,C0745,2025-02-23,P008,0.0,4000.0,0.0
O0475,C0550,2025-03-24,P007,1.0,4000.0,0.2
O0476,C0897,04-30-2025,P008,2.0,12000.0,0.1
O0477,C0135,2025-06-20,P013,1.0,,0.05
O0478,C0815,2025-02-26,P006,1.0,5000.0,0.05
O0479,C0129,2025-04-16,P018,1.0,4000.0,0.0
O0480,C0819,2025-04-26,P002,2.0,12000.0,0.05
O0481,C0285,2025-05-17,P008,5.0,12000.0,0.05
O0482,C0905,2025-05-22,P011,2.0,4000.0,0.05
O0483,C0974,2025-03-16,P001,1.0,,0.0
O0484,C0154,2025-02-28,P006,3.0,5000.0,0.0
O0485,C0477,2025-06-07,P016,-1.0,4000.0,0.0
O0486,C8888,2025-06-18,P020,1.0,5000.0,
O0487,C0499,04-14-2025,P012,,5000.0,0.0
O0488,C0891,2025-05-30,P011,1.0,4000.0,0.05
O0489,C0607,2025-05-14,P010,3.0,4000.0,0.0
O0490,C0387,02/06/2025,P003,1.0,12000.0,0.0
O0491,C0295,15/04/2025,P013,1.0,12000.0,0.1
O0492,C0210,,P003,1.0,5000.0,0.05
O0493,C0786,11/02/2025,P015,2.0,12000.0,0.05
O0494,C0399,2025-06-01,P016,1.0,,0.0
O0495,C0528,2025-06-13,P013,1.0,2500.0,0.1
O0496,C0508,2025-03-19,P017,2.0,12000.0,0.0
O0497,C0596,02-11-2025,P003,5.0,4000.0,0.0
O0498,C0893,2025-02-06,P020,1.0,2500.0,0.05
O0499,C8888,2025-05-29,P011,1.0,5000.0,0.0
O0500,C0421,2025-04-26,P019,1.0,2500.0,0.0
O0501,C0854,2025-04-14,P011,1.0,2500.0,0.05
O0502,C0789,2025-02-14,P016,3.0,5000.0,0.1
O0503,C0592,04-25-2025,P003,3.0,5000.0,0.15
O0504,C0986,14/05/2025,P006,2.0,,0.0
O0505,C0207,2025-01-21,P014,1.0,4000.0,0.0
O0506,C0113,,P018,3.0,5000.0,0.0
O0507,C0881,2025-01-16,P017,2.0,12000.0,
O0508,C0453,21/06/2025,P004,3.0,4000.0,0.05
O0509,C0874,,P015,2.0,2000.0,0.1
O0510,C0921,,P011,3.0,2000.0,0.0
O0511,C0065,2025-06-17,P003,2.0,,0.05
O0512,C0911,2025-05-19,P003,1.0,12000.0,0.0
O0513,C0463,2025-01-19,P016,-1.0,4000.0,0.05
O0514,C0527,07/06/2025,P005,1.0,4000.0,0.2
O0515,C0646,01-11-2025,P010,2.0,4000.0,
O0516,C0956,2025-03-31,P019,1.0,5000.0,0.05
O0517,C0020,,P004,2.0,,0.05
O0518,C0492,2025-06-22,P019,2.0,2500.0,0.2
O0519,C0709,05-12-2025,P011,1.0,4000.0,0.1
O0520,C0746,23/02/2025,P002,1.0,2000.0,0.0
O0521,C0714,2025-01-23,P010,2.0,12000.0,0.05
O0522,C0139,05-27-2025,P011,3.0,4000.0,0.0
O0523,C0309,02-08-2025,P020,1.0,2000.0,0.05
O0524,C0370,2025-01-11,P016,1.0,4000.0,0.05
O0525,C0830,2025-02-21,P019,2.0,,0.05
O0526,C0288,18/04/2025,P011,1.0,2000.0,0.0
O0527,C0218,2025-04-08,P014,1.0,12000.0,0.0
O0528,C0988,03-23-2025,P002,1.0,2000.0,0.05
O0529,C0010,2025-01-21,P005,1.0,5000.0,0.15
O0530,UNKNOWN,09/05/2025,P005,1.0,12000.0,0.1
O0531,C0698,"May 13, 2025",P019,1.0,12000.0,0.0
O0532,C0855,2025-05-19,P012,1.0,4000.0,0.2
O0533,C0304,2025-05-09,P018,1.0,2000.0,0.2
O0534,C0015,2025-04-13,P004,1.0,4000.0,0.0
O0535,C0761,,P017,1.0,2000.0,0.0
O0536,C0860,04-14-2025,P010,1.0,4000.0,0.1
O0537,C0764,2025-01-13,P020,3.0,12000.0,0.15
O0538,C0148,2025-01-11,P006,1.0,2500.0,
O0539,C0777,2025-04-23,P014,1.0,12000.0,0.15
O0540,C0793,2025-04-27,P011,1.0,12000.0,0.05
O0541,C0679,2025-03-30,P011,1.0,4000.0,0.05
O0542,C0790,2025-01-12,P018,2.0,12000.0,0.0
O0543,C0873,2025-01-13,P018,2.0,5000.0,0.0
O0544,C0633,2025-04-22,P011,4.0,2000.0,0.05
O0545,C0092,05-30-2025,P012,2.0,4000.0,0.05
O0546,C0503,2025-03-04,P005,-1.0,4000.0,0.05
O0547,C0081,2025-04-24,P009,1.0,,0.1
O0548,C0421,06/03/2025,P009,1.0,4000.0,0.0
O0549,C0420,01-13-2025,P010,1.0,2500.0,0.05
O0550,C0069,04-17-2025,P019,1.0,5000.0,0.0
O0551,C0360,2025-06-16,P001,1.0,4000.0,0.0
O0552,C0115,2025-05-25,P007,2.0,2500.0,0.1
O0553,C0834,2025-05-20,P004,1.0,4000.0,0.1
O0554,C0977,04-03-2025,P001,-1.0,2000.0,
O0555,C0075,15/06/2025,P015,3.0,12000.0,0.0
O0556,C0985,02-13-2025,P008,1.0,5000.0,0.05
O0557,C0539,01-30-2025,P012,1.0,4000.0,0.0
O0558,C0309,"Jan 28, 2025",P018,1.0,12000.0,0.0
O0559,C0080,2025-04-21,P015,1.0,2500.0,0.15
O0560,C0517,"Feb 07, 2025",P017,1.0,12000.0,0.1
O0561,C0820,2025-02-25,P014,1.0,,0.15
O0562,C0729,2025-02-16,P014,1.0,,0.0
O0563,C0052,2025-05-10,P018,1.0,12000.0,0.15
O0564,C0076,2025-04-22,P020,,12000.0,0.0
O0565,C0416,2025-02-28,P018,2.0,2500.0,0.15
O0566,C0305,"Jun 17, 2025",P016,-1.0,,0.0
O0567,C0240,19/03/2025,P001,1.0,4000.0,0.0
O0568,C0290,"Mar 02, 2025",P011,1.0,12000.0,0.05
O0569,C0829,2025-06-13,P015,2.0,4000.0,0.2
O0570,C0958,2025-03-28,P012,1.0,2000.0,0.0
O0571,C0418,"Jan 25, 2025",P008,1.0,12000.0,0.0
O0572,C0935,2025-03-23,P020,2.0,2000.0,0.15
O0573,C0332,"Mar 29, 2025",P006,2.0,5000.0,0.0
O0574,C0492,09/04/2025,P003,1.0,5000.0,0.0
O0575,C0234,2025-04-29,P013,1.0,12000.0,0.0
O0576,C0661,2025-02-26,P013,1.0,12000.0,0.0
O0577,C8888,2025-05-25,P002,1.0,12000.0,0.2
O0578,C0623,2025-02-22,P005,1.0,4000.0,0.1
O0579,C0369,2025-03-09,P017,1.0,12000.0,0.05
O0580,C0668,2025-05-22,P006,1.0,5000.0,
O0581,C0127,19/06/2025,P002,-1.0,12000.0,0.05
O0582,C0917,"Jun 23, 2025",P004,2.0,,0.0
O0583,C0519,"Jan 25, 2025",P011,2.0,4000.0,0.0
O0584,C0464,2025-05-16,P008,1.0,4000.0,0.0
O0585,C0604,,P012,1.0,4000.0,0.0
O0586,C0645,"May 16, 2025",P008,1.0,,0.2
O0587,C0074,2025-06-06,P011,1.0,12000.0,0.1
O0588,C0704,2025-01-16,P020,1.0,2000.0,0.0
O0589,C0250,"Jan 28, 2025",P008,3.0,2000.0,0.05
O0590,C0737,"Mar 29, 2025",P008,2.0,2000.0,0.1
O0591,C0848,2025-03-24,P017,1.0,5000.0,0.2
O0592,C0829,2025-03-24,P020,1.0,2000.0,0.15
O0593,C0570,"Apr 27, 2025",P020,5.0,5000.0,0.05
O0594,C0537,2025-04-12,P016,1.0,4000.0,0.1
O0595,C0148,20/01/2025,P014,1.0,2000.0,0.05
O0596,C0800,2025-05-13,P011,1.0,12000.0,0.05
O0597,C0280,,P007,3.0,2500.0,0.0
O0598,C0513,2025-05-26,P016,,5000.0,0.0
O0599,C0294,02-12-2025,P013,1.0,2500.0,0.05
O0600,C0138,2025-01-26,P015,4.0,4000.0,0.0
O0601,C0650,17/04/2025,P016,3.0,12000.0,0.0
O0602,C0057,2025-06-23,P009,1.0,5000.0,0.1
O0603,C0772,04-04-2025,P003,1.0,,0.0
O0604,C0328,2025-05-15,P019,1.0,5000.0,0.05
O0605,C0001,2025-06-11,P020,0.0,5000.0,0.05
O0606,C0527,2025-03-15,P005,1.0,12000.0,
O0607,C0049,2025-04-29,P010,3.0,2000.0,0.05
O0608,C0285,2025-06-25,P017,1.0,4000.0,0.0
O0609,C0729,2025-01-28,P015,2.0,5000.0,0.05
O0610,C0065,2025-04-22,P008,1.0,12000.0,0.15
O0611,C0866,2025-01-18,P015,2.0,12000.0,
O0612,C0004,23/02/2025,P014,3.0,12000.0,0.0
O0613,C0255,"Feb 20, 2025",P020,3.0,4000.0,0.0
O0614,C0764,06-27-2025,P007,4.0,2000.0,0.2
O0615,C0327,2025-05-24,P012,1.0,12000.0,0.0
O0616,C0106,2025-04-30,P017,2.0,12000.0,0.05
O0617,C0372,2025-04-12,P017,1.0,12000.0,0.0
O0618,C0279,2025-03-03,P010,1.0,,0.0
O0619,C0869,2025-01-19,P019,1.0,,0.0
O0620,C0324,01-24-2025,P014,1.0,2500.0,0.0
O0621,C0814,2025-05-22,P011,1.0,12000.0,0.1
O0622,C0920,2025-03-05,P002,,5000.0,0.2
O0623,C0448,2025-04-25,P018,1.0,12000.0,0.0
O0624,C0939,2025-04-29,P007,2.0,12000.0,0.15
O0625,C0389,05-17-2025,P012,1.0,4000.0,0.0
O0626,C0994,2025-01-16,P002,1.0,2000.0,0.05
O0627,C0093,2025-02-13,P020,1.0,2500.0,0.0
O0628,C0709,"Jun 24, 2025",P018,-1.0,2500.0,0.2
O0629,C0510,2025-03-12,P006,4.0,12000.0,0.1
O0630,C0400,2025-01-13,P010,5.0,2000.0,0.1
O0631,C0653,2025-02-19,P020,,12000.0,0.15
O0632,C0726,03/05/2025,P015,1.0,5000.0,0.05
O0633,C0005,2025-02-06,P005,1.0,2000.0,
O0634,C0173,06-05-2025,P020,2.0,5000.0,0.1
O0635,C0736,2025-06-18,P003,1.0,4000.0,0.2
O0636,C0687,2025-05-28,P005,1.0,12000.0,0.05
O0637,C0996,2025-06-18,P008,1.0,2000.0,0.0
O0638,C0785,2025-03-28,P008,2.0,2000.0,0.05
O0639,C0981,2025-01-24,P008,2.0,12000.0,0.0
O0640,C0725,"Mar 09, 2025",P012,1.0,2500.0,0.05
O0641,C0308,2025-02-10,P008,1.0,12000.0,0.05
O0642,C0109,04-29-2025,P011,2.0,4000.0,0.05
O0643,C0807,2025-02-25,P014,2.0,2000.0,0.0
O0644,C0665,2025-04-30,P008,1.0,2000.0,0.0
O0645,C0050,2025-06-21,P010,2.0,,0.05
O0646,C0372,2025-06-23,P007,1.0,12000.0,
O0647,C0987,2025-03-26,P017,1.0,2000.0,0.0
O0648,C0516,21/05/2025,P004,3.0,2000.0,0.0
O0649,C0447,24/04/2025,P013,2.0,2500.0,0.1
O0650,C0472,2025-03-15,P004,1.0,5000.0,0.05
O0651,C0216,2025-03-25,P005,2.0,2000.0,0.0
O0652,C0381,2025-06-05,P004,2.0,4000.0,0.0
O0653,C0382,2025-06-02,P018,3.0,12000.0,0.0
O0654,C0054,2025-02-06,P006,2.0,4000.0,
O0655,C0792,06-12-2025,P002,2.0,12000.0,0.0
O0656,C0430,2025-05-23,P011,1.0,4000.0,0.0
O0657,C0848,2025-05-30,P014,1.0,2500.0,0.0
O0658,C0877,2025-01-25,P005,1.0,4000.0,0.0
O0659,C0219,2025-04-17,P006,1.0,2000.0,0.1
O0660,C0678,2025-06-03,P010,2.0,4000.0,0.0
O0661,C0487,2025-03-18,P008,1.0,5000.0,0.0
O0662,C0908,2025-01-20,P014,1.0,12000.0,0.05
O0663,C0223,2025-01-28,P003,1.0,4000.0,0.0
O0664,C0699,2025-04-04,P012,1.0,12000.0,0.0
O0665,C0627,2025-02-24,P016,1.0,5000.0,0.15
O0666,C0305,2025-06-21,P017,2.0,4000.0,0.1
O0667,C0141,01-24-2025,P001,1.0,12000.0,0.2
O0668,C0672,2025-03-17,P010,2.0,12000.0,0.15
O0669,C0762,2025-05-07,P010,-1.0,4000.0,0.1
O0670,C0326,2025-06-08,P002,1.0,5000.0,0.0
O0671,C0665,2025-05-09,P009,1.0,2500.0,0.1
O0672,C0408,2025-05-05,P013,1.0,2500.0,0.15
O0673,C0736,2025-03-28,P016,2.0,2000.0,0.1
O0674,C0206,2025-06-09,P018,2.0,5000.0,0.05
O0675,C0918,03-14-2025,P019,1.0,2000.0,0.0
O0676,C0297,2025-01-15,P012,1.0,2500.0,0.15
O0677,C0380,2025-05-13,P008,4.0,2000.0,0.1
O0678,C0060,2025-03-04,P017,1.0,5000.0,
O0679,C0115,2025-06-11,P015,1.0,2000.0,0.0
O0680,C0532,2025-04-07,P010,4.0,2500.0,0.0
O0681,C0276,2025-04-15,P015,2.0,4000.0,0.0
O0682,C0862,2025-02-23,P015,4.0,2000.0,0.1
O0683,C0016,20/03/2025,P007,2.0,4000.0,0.0
O0684,C0391,2025-04-27,P013,3.0,4000.0,0.0
O0685,C0348,2025-03-23,P017,1.0,5000.0,
O0686,C0020,2025-04-03,P009,2.0,2000.0,0.0
O0687,C0129,2025-02-15,P008,5.0,5000.0,0.15
O0688,C0427,,P020,2.0,4000.0,0.0
O0689,C0509,2025-05-03,P018,1.0,12000.0,0.15
O0690,C0417,2025-05-18,P013,1.0,4000.0,0.05
O0691,C0548,03-24-2025,P016,1.0,5000.0,0.2
O0692,C0614,26/01/2025,P009,1.0,2000.0,0.2
O0693,C0011,2025-06-08,P012,1.0,2000.0,0.0
O0694,C0479,2025-05-10,P012,2.0,5000.0,0.0
O0695,C0994,03-08-2025,P006,2.0,5000.0,0.0
O0696,C0536,2025-06-13,P019,1.0,5000.0,0.1
O0697,C0699,02-26-2025,P007,2.0,2500.0,0.15
O0698,C0322,2025-05-28,P003,1.0,4000.0,0.05
O0699,C0798,2025-01-24,P016,1.0,4000.0,0.05
O0700,C0797,01-25-2025,P018,1.0,5000.0,0.0
O0701,C0538,03/03/2025,P016,1.0,2000.0,0.15
O0702,C8888,2025-02-08,P007,1.0,2500.0,
O0703,C0130,03-24-2025,P004,1.0,2500.0,0.0
O0704,C0018,28/05/2025,P008,1.0,2000.0,0.05
O0705,C0794,2025-06-11,P013,3.0,5000.0,0.0
O0706,C0833,2025-05-13,P013,1.0,5000.0,0.05
O0707,C0124,2025-02-08,P017,2.0,5000.0,0.05
O0708,C0274,02/06/2025,P017,2.0,12000.0,0.0
O0709,C0019,2025-03-26,P005,3.0,5000.0,0.0
O0710,C0303,,P006,5.0,12000.0,0.0
O0711,C0798,,P019,1.0,12000.0,0.05
O0712,C0534,30/01/2025,P013,1.0,2500.0,0.05
O0713,C0359,2025-01-27,P014,4.0,2000.0,0.0
O0714,C0384,2025-01-11,P004,1.0,2500.0,0.1
O0715,C0002,,P007,2.0,2000.0,0.1
O0716,C0310,2025-04-06,P008,2.0,5000.0,0.0
O0717,C0667,,P013,2.0,2000.0,0.0
O0718,C9999,2025-06-06,P006,5.0,12000.0,0.1
O0719,C0874,03-03-2025,P006,,2000.0,
O0720,C0025,2025-01-29,P003,2.0,12000.0,0.0
O0721,C0927,02-04-2025,P003,1.0,,0.0
O0722,C0808,01-26-2025,P013,4.0,12000.0,0.0
O0723,C0805,2025-02-15,P002,1.0,12000.0,0.05
O0724,C0473,2025-04-03,P016,1.0,2500.0,0.0
O0725,C0411,2025-04-07,P006,4.0,5000.0,0.0
O0726,C0313,2025-04-28,P008,1.0,2000.0,0.1
O0727,C0068,2025-04-27,P008,1.0,2000.0,0.05
O0728,C0236,2025-04-19,P006,1.0,2500.0,0.0
O0729,C0255,03-30-2025,P014,4.0,,0.0
O0730,C0500,30/01/2025,P003,1.0,,0.05
O0731,C0771,2025-01-15,P010,2.0,5000.0,0.0
O0732,C0489,2025-01-27,P003,1.0,2500.0,0.0
O0733,C0060,2025-03-19,P012,3.0,2000.0,0.15
O0734,C0988,2025-04-27,P017,3.0,2000.0,0.0
O0735,C0972,2025-01-28,P005,1.0,5000.0,0.1
O0736,C0810,2025-05-05,P020,1.0,2000.0,0.2
O0737,C7777,06/05/2025,P009,1.0,,0.0
O0738,C0562,"Jun 11, 2025",P020,0.0,2500.0,0.0
O0739,C0993,"Mar 13, 2025",P007,2.0,4000.0,0.05
O0740,C0078,2025-06-26,P004,5.0,5000.0,0.15
O0741,C0377,2025-03-25,P013,1.0,12000.0,0.2
O0742,C0233,2025-01-12,P013,3.0,2500.0,0.1
O0743,C0202,2025-03-07,P010,3.0,2000.0,0.0
O0744,C0146,2025-03-31,P018,2.0,4000.0,0.1
O0745,C0642,2025-03-26,P017,-2.0,5000.0,0.0
O0746,C0806,2025-06-10,P020,1.0,4000.0,0.05
O0747,C0597,2025-01-26,P020,1.0,4000.0,0.0
O0748,C0152,2025-05-30,P013,2.0,2500.0,0.0
O0749,C0837,2025-04-28,P017,2.0,2000.0,0.1
O0750,C0656,2025-02-26,P004,2.0,12000.0,0.05
O0751,C0401,2025-05-01,P001,1.0,4000.0,0.0
O0752,C0695,2025-04-21,P001,1.0,5000.0,0.0
O0753,C0268,2025-02-11,P015,1.0,,0.15
O0754,C0356,2025-05-23,P013,1.0,12000.0,0.1
O0755,C0946,03-24-2025,P017,2.0,4000.0,0.0
O0756,C0300,2025-02-11,P008,2.0,12000.0,0.0
O0757,C0485,2025-02-05,P018,1.0,2000.0,0.0
O0758,C0918,03/03/2025,P013,1.0,2000.0,0.2
O0759,C0730,"Mar 09, 2025",P014,1.0,2000.0,0.05
O0760,C0065,03-03-2025,P008,1.0,12000.0,0.05
O0761,C0152,2025-04-15,P008,3.0,12000.0,0.05
O0762,C0009,07/02/2025,P015,5.0,5000.0,0.0
O0763,C0651,2025-01-22,P013,1.0,2000.0,0.15
O0764,C0462,2025-02-11,P007,3.0,5000.0,0.05
O0765,C0139,2025-04-04,P005,4.0,4000.0,0.0
O0766,C0988,2025-03-04,P017,3.0,2500.0,0.0
O0767,C0547,2025-04-01,P016,1.0,2500.0,0.05
O0768,C0250,03-09-2025,P002,-1.0,4000.0,0.2
O0769,C0517,2025-04-14,P018,1.0,4000.0,0.0
O0770,C0701,,P017,1.0,5000.0,0.15
O0771,C0079,2025-01-24,P007,1.0,2000.0,0.1
O0772,C0284,03-21-2025,P013,1.0,2500.0,0.0
O0773,C0832,2025-02-27,P018,1.0,12000.0,0.0
O0774,C0474,2025-02-26,P014,1.0,4000.0,0.0
O0775,C0564,2025-05-29,P018,1.0,2500.0,0.1
O0776,C0447,2025-05-11,P013,3.0,2500.0,0.0
O0777,C0046,2025-04-16,P011,4.0,12000.0,0.0
O0778,C0171,05-05-2025,P016,1.0,4000.0,0.05
O0779,C0460,09/05/2025,P017,4.0,5000.0,0.1
O0780,C0216,16/02/2025,P008,4.0,5000.0,0.0
O0781,C0052,04-08-2025,P019,3.0,2500.0,0.0
O0782,C0870,01-30-2025,P020,1.0,2500.0,0.05
O0783,C8888,2025-02-05,P015,2.0,2000.0,0.05
O0784,C0818,2025-03-10,P009,-1.0,5000.0,0.15
O0785,C0881,2025-01-11,P020,2.0,2500.0,0.0
O0786,C0250,2025-03-27,P010,1.0,4000.0,0.15
O0787,C0991,2025-03-15,P012,1.0,12000.0,0.1
O0788,C0204,06-22-2025,P020,2.0,4000.0,0.05
O0789,C0981,05-10-2025,P001,1.0,5000.0,0.1
O0790,UNKNOWN,2025-03-24,P020,1.0,2000.0,0.0
O0791,C0734,2025-06-15,P009,1.0,4000.0,0.0
O0792,C8888,06-26-2025,P015,3.0,5000.0,0.1
O0793,C0588,03-14-2025,P001,4.0,5000.0,0.05
O0794,C0268,2025-04-05,P012,1.0,5000.0,0.05
O0795,C0451,2025-03-15,P003,-1.0,5000.0,0.0
O0796,C0612,04-03-2025,P011,1.0,4000.0,0.2
O0797,C0076,17/06/2025,P002,2.0,2500.0,0.05
O0798,C0642,2025-06-18,P016,3.0,5000.0,0.0
O0799,C8888,06-25-2025,P009,3.0,5000.0,0.0
O0800,C0196,2025-05-16,P015,-1.0,4000.0,0.1
O0801,C0818,2025-05-05,P012,1.0,2500.0,0.1
O0802,C0936,2025-02-05,P001,4.0,12000.0,0.05
O0803,C0973,2025-03-09,P013,1.0,12000.0,0.15
O0804,C0990,2025-03-13,P014,2.0,4000.0,0.0
O0805,C0538,2025-05-07,P008,2.0,12000.0,0.0
O0806,C8888,2025-05-25,P008,2.0,5000.0,0.15
O0807,C0781,02-18-2025,P012,1.0,2000.0,0.15
O0808,C0167,2025-04-13,P001,4.0,2000.0,0.1
O0809,C0492,2025-03-12,P011,1.0,4000.0,0.15
O0810,C0741,2025-02-13,P008,1.0,2000.0,0.0
O0811,C0255,03-28-2025,P010,2.0,2000.0,0.15
O0812,C0661,12/03/2025,P019,1.0,12000.0,0.0
O0813,C0688,2025-03-07,P011,3.0,12000.0,0.0
O0814,C0168,2025-06-01,P007,1.0,5000.0,0.0
O0815,C0583,2025-05-24,P011,1.0,5000.0,0.0
O0816,C0796,2025-05-12,P017,3.0,2000.0,0.0
O0817,C0515,2025-04-15,P001,1.0,2500.0,0.0
O0818,C0013,"May 01, 2025",P008,1.0,,0.0
O0819,C0010,06-10-2025,P006,2.0,2000.0,0.0
O0820,C0369,2025-02-26,P018,1.0,5000.0,0.05
O0821,C0955,2025-03-14,P006,2.0,5000.0,0.0
O0822,C0236,2025-03-24,P005,1.0,2500.0,0.0
O0823,C0654,2025-03-05,P013,3.0,4000.0,0.1
O0824,C0229,2025-06-17,P019,3.0,2000.0,0.15
O0825,C0332,11/06/2025,P008,2.0,2000.0,0.1
O0826,C0875,27/03/2025,P009,1.0,2000.0,0.0
O0827,C0752,2025-03-21,P017,3.0,2500.0,0.1
O0828,C0099,02-01-2025,P003,2.0,5000.0,0.0
O0829,C0442,2025-04-29,P019,2.0,2000.0,0.0
O0830,C0031,2025-02-17,P011,1.0,2500.0,0.0
O0831,C0496,2025-05-04,P017,4.0,12000.0,0.15
O0832,C0683,2025-04-25,P019,2.0,2000.0,0.0
O0833,C0123,13/02/2025,P002,1.0,12000.0,0.0
O0834,C0298,2025-05-22,P008,1.0,,0.0
O0835,C0411,"Jun 08, 2025",P019,4.0,5000.0,0.15
O0836,C0948,2025-04-26,P007,1.0,4000.0,0.05
O0837,C7777,2025-01-15,P017,-2.0,5000.0,0.0
O0838,C0047,2025-05-31,P006,2.0,2000.0,0.05
O0839,C0785,2025-04-09,P019,2.0,5000.0,0.05
O0840,C0384,2025-05-27,P006,1.0,12000.0,0.1
O0841,C0405,2025-02-19,P002,1.0,4000.0,0.0
O0842,C0778,2025-04-05,P006,-1.0,2500.0,0.15
O0843,C0947,06-13-2025,P005,1.0,12000.0,0.0
O0844,C0981,2025-03-07,P019,3.0,5000.0,0.1
O0845,C0595,2025-06-20,P020,1.0,2000.0,0.0
O0846,C0369,2025-05-24,P004,1.0,4000.0,0.0
O0847,C0812,2025-01-23,P017,1.0,2500.0,0.0
O0848,C0259,06-18-2025,P011,1.0,5000.0,0.05
O0849,C0582,2025-06-23,P004,0.0,2000.0,0.0
O0850,C0370,2025-06-13,P013,1.0,12000.0,0.1
O0851,C0677,2025-06-13,P020,1.0,5000.0,0.0
O0852,C0248,2025-03-30,P017,1.0,2000.0,0.1
O0853,C0198,2025-05-20,P009,1.0,4000.0,0.15
O0854,C0947,2025-04-16,P004,1.0,2000.0,0.05
O0855,C0105,,P014,4.0,12000.0,0.1
O0856,C0522,2025-05-12,P019,1.0,4000.0,0.1
O0857,C0228,03-09-2025,P003,1.0,4000.0,0.0
O0858,C0041,2025-02-25,P014,1.0,,0.15
O0859,C0038,28/02/2025,P008,,12000.0,0.0
O0860,C0181,05-17-2025,P001,1.0,12000.0,0.05
O0861,C0894,2025-02-08,P010,1.0,12000.0,0.1
O0862,C0292,2025-05-28,P018,2.0,4000.0,0.0
O0863,C0980,02/04/2025,P016,2.0,12000.0,0.0
O0864,C0600,06-12-2025,P008,1.0,2500.0,0.05
O0865,C0451,24/03/2025,P001,1.0,12000.0,0.15
O0866,C0599,24/01/2025,P012,3.0,2500.0,0.2
O0867,C0533,2025-04-07,P008,1.0,5000.0,0.05
O0868,C0783,2025-05-06,P016,3.0,2000.0,0.1
O0869,C0292,2025-04-13,P018,2.0,2500.0,0.2
O0870,C0364,03/05/2025,P004,1.0,5000.0,0.0
O0871,C0922,2025-03-28,P006,1.0,,0.0
O0872,C0976,,P012,1.0,4000.0,0.1
O0873,C0921,2025-04-18,P009,3.0,2500.0,0.15
O0874,C0433,2025-06-27,P015,1.0,2000.0,0.15
O0875,C0805,2025-05-24,P016,1.0,12000.0,0.0
O0876,C0492,2025-04-01,P012,2.0,5000.0,0.0
O0877,C0513,25/04/2025,P014,,12000.0,0.0
O0878,C0212,2025-01-17,P013,1.0,5000.0,0.0
O0879,C0610,2025-06-12,P002,5.0,5000.0,0.0
O0880,C0192,20/03/2025,P003,1.0,5000.0,0.1
O0881,C0342,2025-05-26,P010,1.0,4000.0,0.0
O0882,C0882,2025-06-16,P009,1.0,2000.0,0.15
O0883,C0214,24/04/2025,P020,1.0,5000.0,0.0
O0884,C0074,05-05-2025,P008,1.0,5000.0,0.05
O0885,C0072,2025-05-13,P010,1.0,2000.0,0.0
O0886,C0970,2025-01-26,P019,5.0,5000.0,0.0
O0887,C0523,01-31-2025,P003,3.0,5000.0,0.0
O0888,C0423,06-08-2025,P005,2.0,5000.0,
O0889,C0836,02-27-2025,P003,1.0,2500.0,0.15
O0890,C0862,2025-05-17,P016,1.0,2500.0,0.05
O0891,C0343,2025-05-19,P017,1.0,12000.0,0.0
O0892,C0716,2025-03-19,P015,2.0,2000.0,0.2
O0893,C0795,2025-02-11,P003,5.0,4000.0,0.0
O0894,C0675,15/05/2025,P012,1.0,2000.0,0.0
O0895,C0157,08/05/2025,P009,1.0,2000.0,0.05
O0896,C0903,2025-01-18,P012,1.0,2000.0,0.2
O0897,C0556,2025-04-29,P015,1.0,12000.0,0.0
O0898,C0292,2025-05-15,P002,1.0,5000.0,0.0
O0899,C0439,2025-05-21,P018,2.0,4000.0,0.2
O0900,C0039,2025-05-15,P020,2.0,2500.0,0.0
O0901,C0132,28/03/2025,P012,1.0,4000.0,0.0
O0902,C0790,2025-06-05,P004,1.0,2500.0,0.05
O0903,C0001,15/03/2025,P016,,,0.15
O0904,C0430,2025-06-13,P016,1.0,5000.0,0.05
O0905,C0539,2025-04-03,P001,1.0,2000.0,
O0906,C0057,2025-01-30,P002,1.0,2000.0,0.1
O0907,C9999,01-12-2025,P003,1.0,,0.0
O0908,C0234,2025-01-29,P020,1.0,,
O0909,C0314,03-01-2025,P017,3.0,2000.0,0.0
O0910,C0314,2025-02-22,P020,1.0,12000.0,0.0
O0911,C0238,"Apr 19, 2025",P001,1.0,2000.0,0.05
O0912,C0002,2025-06-04,P020,2.0,5000.0,0.0
O0913,C0752,04-20-2025,P006,1.0,2000.0,0.0
O0914,C0997,2025-04-28,P015,4.0,2500.0,0.0
O0915,C0232,05-02-2025,P014,4.0,12000.0,0.0
O0916,C0684,2025-05-23,P020,1.0,2000.0,0.15
O0917,C0765,2025-05-01,P015,3.0,4000.0,0.05
O0918,C0875,2025-02-21,P014,1.0,4000.0,
O0919,C0436,04-06-2025,P005,,12000.0,0.0
O0920,C0313,2025-03-23,P006,1.0,2000.0,0.0
O0921,C0336,2025-03-26,P017,,2500.0,0.0
O0922,C0735,2025-04-09,P011,3.0,2500.0,0.0
O0923,C0843,2025-06-08,P016,1.0,5000.0,0.0
O0924,C0188,05-21-2025,P012,1.0,2500.0,0.1
O0925,C0383,2025-05-04,P015,,2000.0,0.2
O0926,C0930,2025-05-24,P004,4.0,12000.0,
O0927,C0832,17/04/2025,P018,1.0,5000.0,0.0
O0928,C9901,08/02/2025,P003,2.0,12000.0,0.15
O0929,C0778,2025-03-17,P008,1.0,2500.0,0.0
O0930,C0406,2025-01-14,P003,1.0,2000.0,0.0
O0931,C0609,2025-04-13,P008,1.0,2000.0,0.15
O0932,C0682,2025-01-30,P018,1.0,12000.0,0.05
O0933,C0081,2025-03-08,P010,3.0,2000.0,0.0
O0934,C0562,2025-03-31,P020,1.0,5000.0,0.0
O0935,C0732,26/01/2025,P017,3.0,12000.0,0.0
O0936,C0173,2025-02-01,P008,1.0,2000.0,0.1
O0937,C0805,20/06/2025,P011,1.0,5000.0,0.05
O0938,C0602,2025-05-31,P005,1.0,2500.0,
O0939,C0982,06/02/2025,P013,1.0,12000.0,0.0
O0940,C0044,2025-03-18,P005,1.0,2000.0,0.0
O0941,C0274,2025-03-11,P013,1.0,4000.0,0.05
O0942,C0621,2025-03-17,P006,2.0,4000.0,0.05
O0943,C0306,2025-04-08,P005,1.0,5000.0,0.0
O0944,C0737,"Jun 11, 2025",P009,1.0,5000.0,0.1
O0945,C0783,2025-02-19,P016,1.0,2500.0,0.15
O0946,C0106,2025-04-21,P002,4.0,12000.0,0.2
O0947,C0530,2025-04-13,P001,5.0,2500.0,0.15
O0948,C0525,2025-03-18,P008,1.0,,0.15
O0949,C0381,2025-04-12,P019,1.0,12000.0,0.05
O0950,C0962,2025-01-28,P011,1.0,12000.0,0.15
O0951,C0854,04-05-2025,P012,-1.0,2000.0,0.0
O0952,C0719,2025-05-30,P012,1.0,,0.0
O0953,C0737,2025-05-25,P007,1.0,2500.0,0.0
O0954,C0476,2025-04-07,P013,1.0,4000.0,0.05
O0955,C0950,2025-03-12,P008,1.0,2000.0,0.0
O0956,C0717,2025-01-23,P009,1.0,5000.0,
O0957,C0752,2025-03-09,P007,3.0,,0.0
O0958,C0889,2025-01-18,P015,1.0,,0.0
O0959,C0283,2025-06-16,P002,2.0,5000.0,0.05
O0960,C0833,2025-05-28,P020,1.0,12000.0,0.0
O0961,C0202,2025-02-01,P012,1.0,5000.0,0.0
O0962,C0357,01-14-2025,P001,5.0,12000.0,0.0
O0963,C0346,2025-06-23,P008,1.0,2500.0,0.05
O0964,C8888,2025-03-17,P005,3.0,12000.0,0.0
O0965,C0884,15/05/2025,P015,1.0,5000.0,0.1
O0966,C0723,2025-01-31,P001,1.0,12000.0,0.1
O0967,C0750,2025-05-21,P001,-1.0,,0.0
O0968,C0580,06-14-2025,P010,1.0,2000.0,0.0
O0969,C0977,,P010,4.0,4000.0,0.0
O0970,C0512,2025-06-02,P015,1.0,5000.0,0.1
O0971,C0393,02-26-2025,P017,4.0,,0.0
O0972,C0169,2025-04-20,P006,1.0,2500.0,0.0
O0973,C0811,2025-02-12,P003,1.0,12000.0,0.1
O0974,C0758,"Apr 27, 2025",P013,3.0,5000.0,0.05
O0975,C0397,02-10-2025,P016,5.0,5000.0,0.0
O0976,C0026,2025-03-15,P008,5.0,5000.0,0.0
O0977,C0865,2025-04-28,P015,3.0,4000.0,0.2
O0978,C0012,02/04/2025,P017,4.0,2500.0,0.15
O0979,C0726,2025-04-09,P017,1.0,4000.0,0.1
O0980,C9999,24/02/2025,P013,1.0,2500.0,0.05
O0981,C0452,2025-06-13,P017,1.0,4000.0,0.05
O0982,C0243,2025-03-29,P006,1.0,2000.0,
O0983,C0727,2025-05-12,P017,1.0,2000.0,
O0984,C0843,2025-02-14,P016,1.0,5000.0,0.0
O0985,C0564,2025-02-15,P014,1.0,12000.0,0.15
O0986,C0997,05-14-2025,P013,2.0,2000.0,0.0
O0987,C0054,2025-05-17,P006,1.0,5000.0,0.0
O0988,C0521,2025-04-03,P003,1.0,12000.0,0.1
O0989,C0741,2025-03-27,P014,1.0,4000.0,0.0
O0990,C0890,,P014,3.0,,0.2
O0991,C0185,2025-06-02,P015,2.0,4000.0,0.0
O0992,C0825,2025-05-09,P008,2.0,2500.0,0.05
O0993,C0570,2025-02-17,P015,1.0,4000.0,0.2
O0994,C0409,2025-04-07,P013,1.0,2000.0,0.2
O0995,C0136,2025-05-04,P017,1.0,4000.0,0.0
O0996,C0893,2025-04-03,P003,1.0,2500.0,0.0
O0997,C0163,2025-03-26,P006,1.0,4000.0,0.05
O0998,C0320,2025-01-10,P005,1.0,2000.0,0.0
O0999,C0300,2025-05-26,P017,1.0,2000.0,
O1000,C0899,2025-02-20,P002,-1.0,4000.0,0.2
O0011,C0035,03-13-2025,P018,1.0,12000.0,
O0012,C0065,2025-03-06,P020,2.0,2000.0,0.15
O0013,C0935,2025-05-15,P016,5.0,12000.0,0.15
O0014,C0144,2025-01-21,P008,2.0,2000.0,0.0
O0015,C0549,2025-06-08,P001,1.0,5000.0,0.1
O0016,C0424,2025-01-27,P017,1.0,5000.0,0.0
O0017,C0359,2025-05-16,P012,2.0,2500.0,0.0
O0018,C0928,05-01-2025,P011,1.0,2500.0,0.0
O0019,C0023,2025-02-24,P005,3.0,2500.0,0.05
O0020,C0685,23/04/2025,P012,3.0,2000.0,0.05
O0021,C0994,02/06/2025,P017,2.0,2500.0,0.05
O0022,C0578,2025-05-30,P006,1.0,5000.0,0.0
O0023,C0966,2025-06-24,P001,1.0,12000.0,0.0
O0024,C0054,2025-01-17,P005,1.0,12000.0,0.1
O0025,C0432,2025-02-12,P014,1.0,2000.0,0.0
O0026,C0269,2025-04-01,P005,1.0,12000.0,0.1
O0027,C0754,2025-06-21,P001,2.0,5000.0,0.0
O0028,C8888,2025-02-13,P018,2.0,4000.0,0.15
O0029,C0265,2025-01-17,P016,1.0,2500.0,0.05
O0030,C0675,2025-06-21,P009,1.0,12000.0,0.0
O0031,C0205,2025-03-28,P019,1.0,5000.0,0.0
O0032,C0583,2025-06-12,P005,1.0,5000.0,0.05
O0033,C0479,2025-04-16,P002,3.0,12000.0,0.15
O0034,C9999,2025-02-15,P015,1.0,12000.0,0.0
O0035,C0628,2025-06-04,P007,1.0,2000.0,0.0
O0036,C0361,2025-06-28,P004,1.0,2000.0,0.15
O0037,C0118,2025-03-07,P001,4.0,2000.0,0.1
O0038,C0156,,P013,2.0,12000.0,0.0
O0039,C0233,2025-01-17,P020,1.0,2500.0,0.05
O0040,C0259,2025-01-11,P007,1.0,12000.0,0.0
